ApiController.java,edu.ucsb.cs156.example.controllers.ApiController,org.pitest.mutationtest.engine.gregor.mutators.returns.NullReturnValsMutator,genericMessage,38,KILLED,edu.ucsb.cs156.example.controllers.UCSBDiningCommonsMenuItemControllerTest.[engine:junit-jupiter]/[class:edu.ucsb.cs156.example.controllers.UCSBDiningCommonsMenuItemControllerTest]/[method:admin_can_delete_an_existing_menu_item()]
ApiController.java,edu.ucsb.cs156.example.controllers.ApiController,org.pitest.mutationtest.engine.gregor.mutators.returns.NullReturnValsMutator,getCurrentUser,29,KILLED,edu.ucsb.cs156.example.controllers.UserInfoControllerTests.[engine:junit-jupiter]/[class:edu.ucsb.cs156.example.controllers.UserInfoControllerTests]/[method:currentUser__logged_in()]
ApiController.java,edu.ucsb.cs156.example.controllers.ApiController,org.pitest.mutationtest.engine.gregor.mutators.returns.NullReturnValsMutator,handleGenericException,49,KILLED,edu.ucsb.cs156.example.controllers.RecommendationRequestControllerTests.[engine:junit-jupiter]/[class:edu.ucsb.cs156.example.controllers.RecommendationRequestControllerTests]/[method:test_that_logged_in_user_can_get_by_id_when_the_id_does_not_exist()]
ArticlesController.java,edu.ucsb.cs156.example.controllers.ArticlesController,org.pitest.mutationtest.engine.gregor.mutators.returns.EmptyObjectReturnValsMutator,allArticles,49,KILLED,edu.ucsb.cs156.example.controllers.ArticlesControllerTests.[engine:junit-jupiter]/[class:edu.ucsb.cs156.example.controllers.ArticlesControllerTests]/[method:logged_in_user_can_get_all_articles()]
ArticlesController.java,edu.ucsb.cs156.example.controllers.ArticlesController,org.pitest.mutationtest.engine.gregor.mutators.VoidMethodCallMutator,deleteArticle,137,KILLED,edu.ucsb.cs156.example.controllers.ArticlesControllerTests.[engine:junit-jupiter]/[class:edu.ucsb.cs156.example.controllers.ArticlesControllerTests]/[method:admin_can_delete_an_article()]
ArticlesController.java,edu.ucsb.cs156.example.controllers.ArticlesController,org.pitest.mutationtest.engine.gregor.mutators.returns.NullReturnValsMutator,deleteArticle,138,KILLED,edu.ucsb.cs156.example.controllers.ArticlesControllerTests.[engine:junit-jupiter]/[class:edu.ucsb.cs156.example.controllers.ArticlesControllerTests]/[method:admin_can_delete_an_article()]
ArticlesController.java,edu.ucsb.cs156.example.controllers.ArticlesController,org.pitest.mutationtest.engine.gregor.mutators.returns.NullReturnValsMutator,getById,66,KILLED,edu.ucsb.cs156.example.controllers.ArticlesControllerTests.[engine:junit-jupiter]/[class:edu.ucsb.cs156.example.controllers.ArticlesControllerTests]/[method:test_that_logged_in_user_can_get_by_id_when_the_id_exists()]
ArticlesController.java,edu.ucsb.cs156.example.controllers.ArticlesController,org.pitest.mutationtest.engine.gregor.mutators.returns.NullReturnValsMutator,lambda$deleteArticle$2,135,KILLED,edu.ucsb.cs156.example.controllers.ArticlesControllerTests.[engine:junit-jupiter]/[class:edu.ucsb.cs156.example.controllers.ArticlesControllerTests]/[method:admin_tries_to_delete_non_existant_article_and_gets_right_error_message()]
ArticlesController.java,edu.ucsb.cs156.example.controllers.ArticlesController,org.pitest.mutationtest.engine.gregor.mutators.returns.NullReturnValsMutator,lambda$getById$0,64,KILLED,edu.ucsb.cs156.example.controllers.ArticlesControllerTests.[engine:junit-jupiter]/[class:edu.ucsb.cs156.example.controllers.ArticlesControllerTests]/[method:test_that_logged_in_user_can_get_by_id_when_the_id_does_not_exist()]
ArticlesController.java,edu.ucsb.cs156.example.controllers.ArticlesController,org.pitest.mutationtest.engine.gregor.mutators.returns.NullReturnValsMutator,lambda$updateArticle$1,110,KILLED,edu.ucsb.cs156.example.controllers.ArticlesControllerTests.[engine:junit-jupiter]/[class:edu.ucsb.cs156.example.controllers.ArticlesControllerTests]/[method:admin_cannot_edit_article_that_does_not_exist()]
ArticlesController.java,edu.ucsb.cs156.example.controllers.ArticlesController,org.pitest.mutationtest.engine.gregor.mutators.VoidMethodCallMutator,postArticlesDate,83,KILLED,edu.ucsb.cs156.example.controllers.ArticlesControllerTests.[engine:junit-jupiter]/[class:edu.ucsb.cs156.example.controllers.ArticlesControllerTests]/[method:an_admin_user_can_post_a_new_article()]
ArticlesController.java,edu.ucsb.cs156.example.controllers.ArticlesController,org.pitest.mutationtest.engine.gregor.mutators.VoidMethodCallMutator,postArticlesDate,84,KILLED,edu.ucsb.cs156.example.controllers.ArticlesControllerTests.[engine:junit-jupiter]/[class:edu.ucsb.cs156.example.controllers.ArticlesControllerTests]/[method:an_admin_user_can_post_a_new_article()]
ArticlesController.java,edu.ucsb.cs156.example.controllers.ArticlesController,org.pitest.mutationtest.engine.gregor.mutators.VoidMethodCallMutator,postArticlesDate,85,KILLED,edu.ucsb.cs156.example.controllers.ArticlesControllerTests.[engine:junit-jupiter]/[class:edu.ucsb.cs156.example.controllers.ArticlesControllerTests]/[method:an_admin_user_can_post_a_new_article()]
ArticlesController.java,edu.ucsb.cs156.example.controllers.ArticlesController,org.pitest.mutationtest.engine.gregor.mutators.VoidMethodCallMutator,postArticlesDate,86,KILLED,edu.ucsb.cs156.example.controllers.ArticlesControllerTests.[engine:junit-jupiter]/[class:edu.ucsb.cs156.example.controllers.ArticlesControllerTests]/[method:an_admin_user_can_post_a_new_article()]
ArticlesController.java,edu.ucsb.cs156.example.controllers.ArticlesController,org.pitest.mutationtest.engine.gregor.mutators.VoidMethodCallMutator,postArticlesDate,87,KILLED,edu.ucsb.cs156.example.controllers.ArticlesControllerTests.[engine:junit-jupiter]/[class:edu.ucsb.cs156.example.controllers.ArticlesControllerTests]/[method:an_admin_user_can_post_a_new_article()]
ArticlesController.java,edu.ucsb.cs156.example.controllers.ArticlesController,org.pitest.mutationtest.engine.gregor.mutators.returns.NullReturnValsMutator,postArticlesDate,91,KILLED,edu.ucsb.cs156.example.controllers.ArticlesControllerTests.[engine:junit-jupiter]/[class:edu.ucsb.cs156.example.controllers.ArticlesControllerTests]/[method:an_admin_user_can_post_a_new_article()]
ArticlesController.java,edu.ucsb.cs156.example.controllers.ArticlesController,org.pitest.mutationtest.engine.gregor.mutators.VoidMethodCallMutator,updateArticle,112,KILLED,edu.ucsb.cs156.example.controllers.ArticlesControllerTests.[engine:junit-jupiter]/[class:edu.ucsb.cs156.example.controllers.ArticlesControllerTests]/[method:admin_can_edit_an_existing_article()]
ArticlesController.java,edu.ucsb.cs156.example.controllers.ArticlesController,org.pitest.mutationtest.engine.gregor.mutators.VoidMethodCallMutator,updateArticle,113,KILLED,edu.ucsb.cs156.example.controllers.ArticlesControllerTests.[engine:junit-jupiter]/[class:edu.ucsb.cs156.example.controllers.ArticlesControllerTests]/[method:admin_can_edit_an_existing_article()]
ArticlesController.java,edu.ucsb.cs156.example.controllers.ArticlesController,org.pitest.mutationtest.engine.gregor.mutators.VoidMethodCallMutator,updateArticle,114,KILLED,edu.ucsb.cs156.example.controllers.ArticlesControllerTests.[engine:junit-jupiter]/[class:edu.ucsb.cs156.example.controllers.ArticlesControllerTests]/[method:admin_can_edit_an_existing_article()]
ArticlesController.java,edu.ucsb.cs156.example.controllers.ArticlesController,org.pitest.mutationtest.engine.gregor.mutators.VoidMethodCallMutator,updateArticle,115,KILLED,edu.ucsb.cs156.example.controllers.ArticlesControllerTests.[engine:junit-jupiter]/[class:edu.ucsb.cs156.example.controllers.ArticlesControllerTests]/[method:admin_can_edit_an_existing_article()]
ArticlesController.java,edu.ucsb.cs156.example.controllers.ArticlesController,org.pitest.mutationtest.engine.gregor.mutators.VoidMethodCallMutator,updateArticle,116,KILLED,edu.ucsb.cs156.example.controllers.ArticlesControllerTests.[engine:junit-jupiter]/[class:edu.ucsb.cs156.example.controllers.ArticlesControllerTests]/[method:admin_can_edit_an_existing_article()]
ArticlesController.java,edu.ucsb.cs156.example.controllers.ArticlesController,org.pitest.mutationtest.engine.gregor.mutators.returns.NullReturnValsMutator,updateArticle,120,KILLED,edu.ucsb.cs156.example.controllers.ArticlesControllerTests.[engine:junit-jupiter]/[class:edu.ucsb.cs156.example.controllers.ArticlesControllerTests]/[method:admin_can_edit_an_existing_article()]
CSRFController.java,edu.ucsb.cs156.example.controllers.CSRFController,org.pitest.mutationtest.engine.gregor.mutators.returns.NullReturnValsMutator,csrf,33,KILLED,edu.ucsb.cs156.example.controllers.CSRFControllerTests.[engine:junit-jupiter]/[class:edu.ucsb.cs156.example.controllers.CSRFControllerTests]/[method:csrf_returns_ok()]
HelpRequestController.java,edu.ucsb.cs156.example.controllers.HelpRequestController,org.pitest.mutationtest.engine.gregor.mutators.returns.EmptyObjectReturnValsMutator,allHelpRequests,53,KILLED,edu.ucsb.cs156.example.controllers.HelpRequestControllerTests.[engine:junit-jupiter]/[class:edu.ucsb.cs156.example.controllers.HelpRequestControllerTests]/[method:logged_in_user_can_get_all_helprequest()]
HelpRequestController.java,edu.ucsb.cs156.example.controllers.HelpRequestController,org.pitest.mutationtest.engine.gregor.mutators.VoidMethodCallMutator,deleteHelpRequest,155,KILLED,edu.ucsb.cs156.example.controllers.HelpRequestControllerTests.[engine:junit-jupiter]/[class:edu.ucsb.cs156.example.controllers.HelpRequestControllerTests]/[method:admin_can_delete_existing_helprequest()]
HelpRequestController.java,edu.ucsb.cs156.example.controllers.HelpRequestController,org.pitest.mutationtest.engine.gregor.mutators.returns.NullReturnValsMutator,deleteHelpRequest,156,KILLED,edu.ucsb.cs156.example.controllers.HelpRequestControllerTests.[engine:junit-jupiter]/[class:edu.ucsb.cs156.example.controllers.HelpRequestControllerTests]/[method:admin_can_delete_existing_helprequest()]
HelpRequestController.java,edu.ucsb.cs156.example.controllers.HelpRequestController,org.pitest.mutationtest.engine.gregor.mutators.returns.NullReturnValsMutator,getById,70,KILLED,edu.ucsb.cs156.example.controllers.HelpRequestControllerTests.[engine:junit-jupiter]/[class:edu.ucsb.cs156.example.controllers.HelpRequestControllerTests]/[method:test_that_logged_in_users_can_get_by_id_when_the_id_exists()]
HelpRequestController.java,edu.ucsb.cs156.example.controllers.HelpRequestController,org.pitest.mutationtest.engine.gregor.mutators.returns.NullReturnValsMutator,lambda$deleteHelpRequest$2,153,KILLED,edu.ucsb.cs156.example.controllers.HelpRequestControllerTests.[engine:junit-jupiter]/[class:edu.ucsb.cs156.example.controllers.HelpRequestControllerTests]/[method:admin_tries_to_delete_non_existent_helprequest_and_gets_404()]
HelpRequestController.java,edu.ucsb.cs156.example.controllers.HelpRequestController,org.pitest.mutationtest.engine.gregor.mutators.returns.NullReturnValsMutator,lambda$getById$0,68,KILLED,edu.ucsb.cs156.example.controllers.HelpRequestControllerTests.[engine:junit-jupiter]/[class:edu.ucsb.cs156.example.controllers.HelpRequestControllerTests]/[method:tests_that_logged_in_users_get_404_when_id_does_not_exist()]
HelpRequestController.java,edu.ucsb.cs156.example.controllers.HelpRequestController,org.pitest.mutationtest.engine.gregor.mutators.returns.NullReturnValsMutator,lambda$updateHelpRequest$1,127,KILLED,edu.ucsb.cs156.example.controllers.HelpRequestControllerTests.[engine:junit-jupiter]/[class:edu.ucsb.cs156.example.controllers.HelpRequestControllerTests]/[method:admin_tries_to_update_non_existent_helprequest_and_gets_404()]
HelpRequestController.java,edu.ucsb.cs156.example.controllers.HelpRequestController,org.pitest.mutationtest.engine.gregor.mutators.returns.NullReturnValsMutator,postHelpRequest,109,KILLED,edu.ucsb.cs156.example.controllers.HelpRequestControllerTests.[engine:junit-jupiter]/[class:edu.ucsb.cs156.example.controllers.HelpRequestControllerTests]/[method:admin_user_can_post_a_new_helprequest()]
HelpRequestController.java,edu.ucsb.cs156.example.controllers.HelpRequestController,org.pitest.mutationtest.engine.gregor.mutators.VoidMethodCallMutator,updateHelpRequest,129,KILLED,edu.ucsb.cs156.example.controllers.HelpRequestControllerTests.[engine:junit-jupiter]/[class:edu.ucsb.cs156.example.controllers.HelpRequestControllerTests]/[method:admin_can_update_existing_helprequest()]
HelpRequestController.java,edu.ucsb.cs156.example.controllers.HelpRequestController,org.pitest.mutationtest.engine.gregor.mutators.VoidMethodCallMutator,updateHelpRequest,130,KILLED,edu.ucsb.cs156.example.controllers.HelpRequestControllerTests.[engine:junit-jupiter]/[class:edu.ucsb.cs156.example.controllers.HelpRequestControllerTests]/[method:admin_can_update_existing_helprequest()]
HelpRequestController.java,edu.ucsb.cs156.example.controllers.HelpRequestController,org.pitest.mutationtest.engine.gregor.mutators.VoidMethodCallMutator,updateHelpRequest,131,KILLED,edu.ucsb.cs156.example.controllers.HelpRequestControllerTests.[engine:junit-jupiter]/[class:edu.ucsb.cs156.example.controllers.HelpRequestControllerTests]/[method:admin_can_update_existing_helprequest()]
HelpRequestController.java,edu.ucsb.cs156.example.controllers.HelpRequestController,org.pitest.mutationtest.engine.gregor.mutators.VoidMethodCallMutator,updateHelpRequest,132,KILLED,edu.ucsb.cs156.example.controllers.HelpRequestControllerTests.[engine:junit-jupiter]/[class:edu.ucsb.cs156.example.controllers.HelpRequestControllerTests]/[method:admin_can_update_existing_helprequest()]
HelpRequestController.java,edu.ucsb.cs156.example.controllers.HelpRequestController,org.pitest.mutationtest.engine.gregor.mutators.VoidMethodCallMutator,updateHelpRequest,133,KILLED,edu.ucsb.cs156.example.controllers.HelpRequestControllerTests.[engine:junit-jupiter]/[class:edu.ucsb.cs156.example.controllers.HelpRequestControllerTests]/[method:admin_can_update_existing_helprequest()]
HelpRequestController.java,edu.ucsb.cs156.example.controllers.HelpRequestController,org.pitest.mutationtest.engine.gregor.mutators.VoidMethodCallMutator,updateHelpRequest,134,KILLED,edu.ucsb.cs156.example.controllers.HelpRequestControllerTests.[engine:junit-jupiter]/[class:edu.ucsb.cs156.example.controllers.HelpRequestControllerTests]/[method:admin_can_update_existing_helprequest()]
HelpRequestController.java,edu.ucsb.cs156.example.controllers.HelpRequestController,org.pitest.mutationtest.engine.gregor.mutators.returns.NullReturnValsMutator,updateHelpRequest,138,KILLED,edu.ucsb.cs156.example.controllers.HelpRequestControllerTests.[engine:junit-jupiter]/[class:edu.ucsb.cs156.example.controllers.HelpRequestControllerTests]/[method:admin_can_update_existing_helprequest()]
MenuItemReviewController.java,edu.ucsb.cs156.example.controllers.MenuItemReviewController,org.pitest.mutationtest.engine.gregor.mutators.returns.EmptyObjectReturnValsMutator,allMenuItemReviews,53,KILLED,edu.ucsb.cs156.example.controllers.MenuItemReviewControllerTests.[engine:junit-jupiter]/[class:edu.ucsb.cs156.example.controllers.MenuItemReviewControllerTests]/[method:logged_in_user_can_get_all_menuitemreviews()]
MenuItemReviewController.java,edu.ucsb.cs156.example.controllers.MenuItemReviewController,org.pitest.mutationtest.engine.gregor.mutators.VoidMethodCallMutator,deleteMenuItemReview,128,KILLED,edu.ucsb.cs156.example.controllers.MenuItemReviewControllerTests.[engine:junit-jupiter]/[class:edu.ucsb.cs156.example.controllers.MenuItemReviewControllerTests]/[method:admin_can_delete_a_review()]
MenuItemReviewController.java,edu.ucsb.cs156.example.controllers.MenuItemReviewController,org.pitest.mutationtest.engine.gregor.mutators.returns.NullReturnValsMutator,deleteMenuItemReview,129,KILLED,edu.ucsb.cs156.example.controllers.MenuItemReviewControllerTests.[engine:junit-jupiter]/[class:edu.ucsb.cs156.example.controllers.MenuItemReviewControllerTests]/[method:admin_can_delete_a_review()]
MenuItemReviewController.java,edu.ucsb.cs156.example.controllers.MenuItemReviewController,org.pitest.mutationtest.engine.gregor.mutators.returns.NullReturnValsMutator,getById,71,KILLED,edu.ucsb.cs156.example.controllers.MenuItemReviewControllerTests.[engine:junit-jupiter]/[class:edu.ucsb.cs156.example.controllers.MenuItemReviewControllerTests]/[method:test_that_logged_in_user_can_get_by_id_when_the_id_exists()]
MenuItemReviewController.java,edu.ucsb.cs156.example.controllers.MenuItemReviewController,org.pitest.mutationtest.engine.gregor.mutators.returns.NullReturnValsMutator,lambda$deleteMenuItemReview$1,126,KILLED,edu.ucsb.cs156.example.controllers.MenuItemReviewControllerTests.[engine:junit-jupiter]/[class:edu.ucsb.cs156.example.controllers.MenuItemReviewControllerTests]/[method:admin_tries_to_delete_non_existant_review_and_gets_right_error_message()]
MenuItemReviewController.java,edu.ucsb.cs156.example.controllers.MenuItemReviewController,org.pitest.mutationtest.engine.gregor.mutators.returns.NullReturnValsMutator,lambda$getById$0,69,KILLED,edu.ucsb.cs156.example.controllers.MenuItemReviewControllerTests.[engine:junit-jupiter]/[class:edu.ucsb.cs156.example.controllers.MenuItemReviewControllerTests]/[method:test_that_logged_in_user_can_get_by_id_when_the_id_does_not_exist()]
MenuItemReviewController.java,edu.ucsb.cs156.example.controllers.MenuItemReviewController,org.pitest.mutationtest.engine.gregor.mutators.returns.NullReturnValsMutator,lambda$updateMenuItemReview$2,147,KILLED,edu.ucsb.cs156.example.controllers.MenuItemReviewControllerTests.[engine:junit-jupiter]/[class:edu.ucsb.cs156.example.controllers.MenuItemReviewControllerTests]/[method:admin_cannot_edit_review_that_does_not_exist()]
MenuItemReviewController.java,edu.ucsb.cs156.example.controllers.MenuItemReviewController,org.pitest.mutationtest.engine.gregor.mutators.VoidMethodCallMutator,postMenuItemReview,103,KILLED,edu.ucsb.cs156.example.controllers.MenuItemReviewControllerTests.[engine:junit-jupiter]/[class:edu.ucsb.cs156.example.controllers.MenuItemReviewControllerTests]/[method:an_admin_user_can_post_a_new_menuitemreview()]
MenuItemReviewController.java,edu.ucsb.cs156.example.controllers.MenuItemReviewController,org.pitest.mutationtest.engine.gregor.mutators.VoidMethodCallMutator,postMenuItemReview,104,KILLED,edu.ucsb.cs156.example.controllers.MenuItemReviewControllerTests.[engine:junit-jupiter]/[class:edu.ucsb.cs156.example.controllers.MenuItemReviewControllerTests]/[method:an_admin_user_can_post_a_new_menuitemreview()]
MenuItemReviewController.java,edu.ucsb.cs156.example.controllers.MenuItemReviewController,org.pitest.mutationtest.engine.gregor.mutators.VoidMethodCallMutator,postMenuItemReview,105,KILLED,edu.ucsb.cs156.example.controllers.MenuItemReviewControllerTests.[engine:junit-jupiter]/[class:edu.ucsb.cs156.example.controllers.MenuItemReviewControllerTests]/[method:an_admin_user_can_post_a_new_menuitemreview()]
MenuItemReviewController.java,edu.ucsb.cs156.example.controllers.MenuItemReviewController,org.pitest.mutationtest.engine.gregor.mutators.VoidMethodCallMutator,postMenuItemReview,106,KILLED,edu.ucsb.cs156.example.controllers.MenuItemReviewControllerTests.[engine:junit-jupiter]/[class:edu.ucsb.cs156.example.controllers.MenuItemReviewControllerTests]/[method:an_admin_user_can_post_a_new_menuitemreview()]
MenuItemReviewController.java,edu.ucsb.cs156.example.controllers.MenuItemReviewController,org.pitest.mutationtest.engine.gregor.mutators.VoidMethodCallMutator,postMenuItemReview,107,KILLED,edu.ucsb.cs156.example.controllers.MenuItemReviewControllerTests.[engine:junit-jupiter]/[class:edu.ucsb.cs156.example.controllers.MenuItemReviewControllerTests]/[method:an_admin_user_can_post_a_new_menuitemreview()]
MenuItemReviewController.java,edu.ucsb.cs156.example.controllers.MenuItemReviewController,org.pitest.mutationtest.engine.gregor.mutators.returns.NullReturnValsMutator,postMenuItemReview,111,KILLED,edu.ucsb.cs156.example.controllers.MenuItemReviewControllerTests.[engine:junit-jupiter]/[class:edu.ucsb.cs156.example.controllers.MenuItemReviewControllerTests]/[method:an_admin_user_can_post_a_new_menuitemreview()]
MenuItemReviewController.java,edu.ucsb.cs156.example.controllers.MenuItemReviewController,org.pitest.mutationtest.engine.gregor.mutators.VoidMethodCallMutator,updateMenuItemReview,149,KILLED,edu.ucsb.cs156.example.controllers.MenuItemReviewControllerTests.[engine:junit-jupiter]/[class:edu.ucsb.cs156.example.controllers.MenuItemReviewControllerTests]/[method:admin_can_edit_an_existing_review()]
MenuItemReviewController.java,edu.ucsb.cs156.example.controllers.MenuItemReviewController,org.pitest.mutationtest.engine.gregor.mutators.VoidMethodCallMutator,updateMenuItemReview,150,KILLED,edu.ucsb.cs156.example.controllers.MenuItemReviewControllerTests.[engine:junit-jupiter]/[class:edu.ucsb.cs156.example.controllers.MenuItemReviewControllerTests]/[method:admin_can_edit_an_existing_review()]
MenuItemReviewController.java,edu.ucsb.cs156.example.controllers.MenuItemReviewController,org.pitest.mutationtest.engine.gregor.mutators.VoidMethodCallMutator,updateMenuItemReview,151,KILLED,edu.ucsb.cs156.example.controllers.MenuItemReviewControllerTests.[engine:junit-jupiter]/[class:edu.ucsb.cs156.example.controllers.MenuItemReviewControllerTests]/[method:admin_can_edit_an_existing_review()]
MenuItemReviewController.java,edu.ucsb.cs156.example.controllers.MenuItemReviewController,org.pitest.mutationtest.engine.gregor.mutators.VoidMethodCallMutator,updateMenuItemReview,152,KILLED,edu.ucsb.cs156.example.controllers.MenuItemReviewControllerTests.[engine:junit-jupiter]/[class:edu.ucsb.cs156.example.controllers.MenuItemReviewControllerTests]/[method:admin_can_edit_an_existing_review()]
MenuItemReviewController.java,edu.ucsb.cs156.example.controllers.MenuItemReviewController,org.pitest.mutationtest.engine.gregor.mutators.VoidMethodCallMutator,updateMenuItemReview,153,KILLED,edu.ucsb.cs156.example.controllers.MenuItemReviewControllerTests.[engine:junit-jupiter]/[class:edu.ucsb.cs156.example.controllers.MenuItemReviewControllerTests]/[method:admin_can_edit_an_existing_review()]
MenuItemReviewController.java,edu.ucsb.cs156.example.controllers.MenuItemReviewController,org.pitest.mutationtest.engine.gregor.mutators.returns.NullReturnValsMutator,updateMenuItemReview,158,KILLED,edu.ucsb.cs156.example.controllers.MenuItemReviewControllerTests.[engine:junit-jupiter]/[class:edu.ucsb.cs156.example.controllers.MenuItemReviewControllerTests]/[method:admin_can_edit_an_existing_review()]
RecommendationRequestController.java,edu.ucsb.cs156.example.controllers.RecommendationRequestController,org.pitest.mutationtest.engine.gregor.mutators.returns.EmptyObjectReturnValsMutator,allRecommendationRequest,43,KILLED,edu.ucsb.cs156.example.controllers.RecommendationRequestControllerTests.[engine:junit-jupiter]/[class:edu.ucsb.cs156.example.controllers.RecommendationRequestControllerTests]/[method:logged_in_user_can_get_all_recommendationrequests()]
RecommendationRequestController.java,edu.ucsb.cs156.example.controllers.RecommendationRequestController,org.pitest.mutationtest.engine.gregor.mutators.VoidMethodCallMutator,deleteRecommendationRequest,120,KILLED,edu.ucsb.cs156.example.controllers.RecommendationRequestControllerTests.[engine:junit-jupiter]/[class:edu.ucsb.cs156.example.controllers.RecommendationRequestControllerTests]/[method:admin_can_delete_a_request()]
RecommendationRequestController.java,edu.ucsb.cs156.example.controllers.RecommendationRequestController,org.pitest.mutationtest.engine.gregor.mutators.returns.NullReturnValsMutator,deleteRecommendationRequest,121,KILLED,edu.ucsb.cs156.example.controllers.RecommendationRequestControllerTests.[engine:junit-jupiter]/[class:edu.ucsb.cs156.example.controllers.RecommendationRequestControllerTests]/[method:admin_can_delete_a_request()]
RecommendationRequestController.java,edu.ucsb.cs156.example.controllers.RecommendationRequestController,org.pitest.mutationtest.engine.gregor.mutators.returns.NullReturnValsMutator,getById,86,KILLED,edu.ucsb.cs156.example.controllers.RecommendationRequestControllerTests.[engine:junit-jupiter]/[class:edu.ucsb.cs156.example.controllers.RecommendationRequestControllerTests]/[method:test_that_logged_in_user_can_get_by_id_when_the_id_exists()]
RecommendationRequestController.java,edu.ucsb.cs156.example.controllers.RecommendationRequestController,org.pitest.mutationtest.engine.gregor.mutators.returns.NullReturnValsMutator,lambda$deleteRecommendationRequest$2,118,KILLED,edu.ucsb.cs156.example.controllers.RecommendationRequestControllerTests.[engine:junit-jupiter]/[class:edu.ucsb.cs156.example.controllers.RecommendationRequestControllerTests]/[method:admin_tries_to_delete_non_existant_recommendationrequest_and_gets_right_error_message()]
RecommendationRequestController.java,edu.ucsb.cs156.example.controllers.RecommendationRequestController,org.pitest.mutationtest.engine.gregor.mutators.returns.NullReturnValsMutator,lambda$getById$0,84,KILLED,edu.ucsb.cs156.example.controllers.RecommendationRequestControllerTests.[engine:junit-jupiter]/[class:edu.ucsb.cs156.example.controllers.RecommendationRequestControllerTests]/[method:test_that_logged_in_user_can_get_by_id_when_the_id_does_not_exist()]
RecommendationRequestController.java,edu.ucsb.cs156.example.controllers.RecommendationRequestController,org.pitest.mutationtest.engine.gregor.mutators.returns.NullReturnValsMutator,lambda$recommendationRequest$1,98,KILLED,edu.ucsb.cs156.example.controllers.RecommendationRequestControllerTests.[engine:junit-jupiter]/[class:edu.ucsb.cs156.example.controllers.RecommendationRequestControllerTests]/[method:admin_cannot_edit_recommendationrequest_that_does_not_exist()]
RecommendationRequestController.java,edu.ucsb.cs156.example.controllers.RecommendationRequestController,org.pitest.mutationtest.engine.gregor.mutators.VoidMethodCallMutator,postRecommendationRequest,65,KILLED,edu.ucsb.cs156.example.controllers.RecommendationRequestControllerTests.[engine:junit-jupiter]/[class:edu.ucsb.cs156.example.controllers.RecommendationRequestControllerTests]/[method:an_admin_user_can_post_a_new_recommendationrequest()]
RecommendationRequestController.java,edu.ucsb.cs156.example.controllers.RecommendationRequestController,org.pitest.mutationtest.engine.gregor.mutators.VoidMethodCallMutator,postRecommendationRequest,66,KILLED,edu.ucsb.cs156.example.controllers.RecommendationRequestControllerTests.[engine:junit-jupiter]/[class:edu.ucsb.cs156.example.controllers.RecommendationRequestControllerTests]/[method:an_admin_user_can_post_a_new_recommendationrequest()]
RecommendationRequestController.java,edu.ucsb.cs156.example.controllers.RecommendationRequestController,org.pitest.mutationtest.engine.gregor.mutators.VoidMethodCallMutator,postRecommendationRequest,67,KILLED,edu.ucsb.cs156.example.controllers.RecommendationRequestControllerTests.[engine:junit-jupiter]/[class:edu.ucsb.cs156.example.controllers.RecommendationRequestControllerTests]/[method:an_admin_user_can_post_a_new_recommendationrequest()]
RecommendationRequestController.java,edu.ucsb.cs156.example.controllers.RecommendationRequestController,org.pitest.mutationtest.engine.gregor.mutators.VoidMethodCallMutator,postRecommendationRequest,68,KILLED,edu.ucsb.cs156.example.controllers.RecommendationRequestControllerTests.[engine:junit-jupiter]/[class:edu.ucsb.cs156.example.controllers.RecommendationRequestControllerTests]/[method:an_admin_user_can_post_a_new_recommendationrequest()]
RecommendationRequestController.java,edu.ucsb.cs156.example.controllers.RecommendationRequestController,org.pitest.mutationtest.engine.gregor.mutators.VoidMethodCallMutator,postRecommendationRequest,69,KILLED,edu.ucsb.cs156.example.controllers.RecommendationRequestControllerTests.[engine:junit-jupiter]/[class:edu.ucsb.cs156.example.controllers.RecommendationRequestControllerTests]/[method:an_admin_user_can_post_a_new_recommendationrequest()]
RecommendationRequestController.java,edu.ucsb.cs156.example.controllers.RecommendationRequestController,org.pitest.mutationtest.engine.gregor.mutators.VoidMethodCallMutator,postRecommendationRequest,70,KILLED,edu.ucsb.cs156.example.controllers.RecommendationRequestControllerTests.[engine:junit-jupiter]/[class:edu.ucsb.cs156.example.controllers.RecommendationRequestControllerTests]/[method:an_admin_user_can_post_a_new_recommendationrequest()]
RecommendationRequestController.java,edu.ucsb.cs156.example.controllers.RecommendationRequestController,org.pitest.mutationtest.engine.gregor.mutators.returns.NullReturnValsMutator,postRecommendationRequest,74,KILLED,edu.ucsb.cs156.example.controllers.RecommendationRequestControllerTests.[engine:junit-jupiter]/[class:edu.ucsb.cs156.example.controllers.RecommendationRequestControllerTests]/[method:an_admin_user_can_post_a_new_recommendationrequest()]
RecommendationRequestController.java,edu.ucsb.cs156.example.controllers.RecommendationRequestController,org.pitest.mutationtest.engine.gregor.mutators.VoidMethodCallMutator,recommendationRequest,100,KILLED,edu.ucsb.cs156.example.controllers.RecommendationRequestControllerTests.[engine:junit-jupiter]/[class:edu.ucsb.cs156.example.controllers.RecommendationRequestControllerTests]/[method:admin_can_edit_an_existing_recommendationrequest()]
RecommendationRequestController.java,edu.ucsb.cs156.example.controllers.RecommendationRequestController,org.pitest.mutationtest.engine.gregor.mutators.VoidMethodCallMutator,recommendationRequest,101,KILLED,edu.ucsb.cs156.example.controllers.RecommendationRequestControllerTests.[engine:junit-jupiter]/[class:edu.ucsb.cs156.example.controllers.RecommendationRequestControllerTests]/[method:admin_can_edit_an_existing_recommendationrequest()]
RecommendationRequestController.java,edu.ucsb.cs156.example.controllers.RecommendationRequestController,org.pitest.mutationtest.engine.gregor.mutators.VoidMethodCallMutator,recommendationRequest,102,KILLED,edu.ucsb.cs156.example.controllers.RecommendationRequestControllerTests.[engine:junit-jupiter]/[class:edu.ucsb.cs156.example.controllers.RecommendationRequestControllerTests]/[method:admin_can_edit_an_existing_recommendationrequest()]
RecommendationRequestController.java,edu.ucsb.cs156.example.controllers.RecommendationRequestController,org.pitest.mutationtest.engine.gregor.mutators.VoidMethodCallMutator,recommendationRequest,103,KILLED,edu.ucsb.cs156.example.controllers.RecommendationRequestControllerTests.[engine:junit-jupiter]/[class:edu.ucsb.cs156.example.controllers.RecommendationRequestControllerTests]/[method:admin_can_edit_an_existing_recommendationrequest()]
RecommendationRequestController.java,edu.ucsb.cs156.example.controllers.RecommendationRequestController,org.pitest.mutationtest.engine.gregor.mutators.VoidMethodCallMutator,recommendationRequest,104,KILLED,edu.ucsb.cs156.example.controllers.RecommendationRequestControllerTests.[engine:junit-jupiter]/[class:edu.ucsb.cs156.example.controllers.RecommendationRequestControllerTests]/[method:admin_can_edit_an_existing_recommendationrequest()]
RecommendationRequestController.java,edu.ucsb.cs156.example.controllers.RecommendationRequestController,org.pitest.mutationtest.engine.gregor.mutators.VoidMethodCallMutator,recommendationRequest,105,KILLED,edu.ucsb.cs156.example.controllers.RecommendationRequestControllerTests.[engine:junit-jupiter]/[class:edu.ucsb.cs156.example.controllers.RecommendationRequestControllerTests]/[method:admin_can_edit_an_existing_recommendationrequest()]
RecommendationRequestController.java,edu.ucsb.cs156.example.controllers.RecommendationRequestController,org.pitest.mutationtest.engine.gregor.mutators.returns.NullReturnValsMutator,recommendationRequest,109,KILLED,edu.ucsb.cs156.example.controllers.RecommendationRequestControllerTests.[engine:junit-jupiter]/[class:edu.ucsb.cs156.example.controllers.RecommendationRequestControllerTests]/[method:admin_can_edit_an_existing_recommendationrequest()]
RestaurantsController.java,edu.ucsb.cs156.example.controllers.RestaurantsController,org.pitest.mutationtest.engine.gregor.mutators.returns.EmptyObjectReturnValsMutator,allRestaurants,45,KILLED,edu.ucsb.cs156.example.controllers.RestaurantsControllerTests.[engine:junit-jupiter]/[class:edu.ucsb.cs156.example.controllers.RestaurantsControllerTests]/[method:logged_in_user_can_get_all_restaurants()]
RestaurantsController.java,edu.ucsb.cs156.example.controllers.RestaurantsController,org.pitest.mutationtest.engine.gregor.mutators.VoidMethodCallMutator,deleteRestaurant,98,KILLED,edu.ucsb.cs156.example.controllers.RestaurantsControllerTests.[engine:junit-jupiter]/[class:edu.ucsb.cs156.example.controllers.RestaurantsControllerTests]/[method:admin_can_delete_a_restaurant()]
RestaurantsController.java,edu.ucsb.cs156.example.controllers.RestaurantsController,org.pitest.mutationtest.engine.gregor.mutators.returns.NullReturnValsMutator,deleteRestaurant,99,KILLED,edu.ucsb.cs156.example.controllers.RestaurantsControllerTests.[engine:junit-jupiter]/[class:edu.ucsb.cs156.example.controllers.RestaurantsControllerTests]/[method:admin_can_delete_a_restaurant()]
RestaurantsController.java,edu.ucsb.cs156.example.controllers.RestaurantsController,org.pitest.mutationtest.engine.gregor.mutators.returns.NullReturnValsMutator,getById,61,KILLED,edu.ucsb.cs156.example.controllers.RestaurantsControllerTests.[engine:junit-jupiter]/[class:edu.ucsb.cs156.example.controllers.RestaurantsControllerTests]/[method:test_that_logged_in_user_can_get_by_id_when_the_id_exists()]
RestaurantsController.java,edu.ucsb.cs156.example.controllers.RestaurantsController,org.pitest.mutationtest.engine.gregor.mutators.returns.NullReturnValsMutator,lambda$deleteRestaurant$1,96,KILLED,edu.ucsb.cs156.example.controllers.RestaurantsControllerTests.[engine:junit-jupiter]/[class:edu.ucsb.cs156.example.controllers.RestaurantsControllerTests]/[method:admin_tries_to_delete_non_existant_restaurant_and_gets_right_error_message()]
RestaurantsController.java,edu.ucsb.cs156.example.controllers.RestaurantsController,org.pitest.mutationtest.engine.gregor.mutators.returns.NullReturnValsMutator,lambda$getById$0,59,KILLED,edu.ucsb.cs156.example.controllers.RestaurantsControllerTests.[engine:junit-jupiter]/[class:edu.ucsb.cs156.example.controllers.RestaurantsControllerTests]/[method:test_that_logged_in_user_can_get_by_id_when_the_id_does_not_exist()]
RestaurantsController.java,edu.ucsb.cs156.example.controllers.RestaurantsController,org.pitest.mutationtest.engine.gregor.mutators.returns.NullReturnValsMutator,lambda$updateRestaurant$2,116,KILLED,edu.ucsb.cs156.example.controllers.RestaurantsControllerTests.[engine:junit-jupiter]/[class:edu.ucsb.cs156.example.controllers.RestaurantsControllerTests]/[method:admin_cannot_edit_restaurant_that_does_not_exist()]
RestaurantsController.java,edu.ucsb.cs156.example.controllers.RestaurantsController,org.pitest.mutationtest.engine.gregor.mutators.VoidMethodCallMutator,postRestaurant,78,KILLED,edu.ucsb.cs156.example.controllers.RestaurantsControllerTests.[engine:junit-jupiter]/[class:edu.ucsb.cs156.example.controllers.RestaurantsControllerTests]/[method:an_admin_user_can_post_a_new_restaurant()]
RestaurantsController.java,edu.ucsb.cs156.example.controllers.RestaurantsController,org.pitest.mutationtest.engine.gregor.mutators.VoidMethodCallMutator,postRestaurant,79,KILLED,edu.ucsb.cs156.example.controllers.RestaurantsControllerTests.[engine:junit-jupiter]/[class:edu.ucsb.cs156.example.controllers.RestaurantsControllerTests]/[method:an_admin_user_can_post_a_new_restaurant()]
RestaurantsController.java,edu.ucsb.cs156.example.controllers.RestaurantsController,org.pitest.mutationtest.engine.gregor.mutators.returns.NullReturnValsMutator,postRestaurant,82,KILLED,edu.ucsb.cs156.example.controllers.RestaurantsControllerTests.[engine:junit-jupiter]/[class:edu.ucsb.cs156.example.controllers.RestaurantsControllerTests]/[method:an_admin_user_can_post_a_new_restaurant()]
RestaurantsController.java,edu.ucsb.cs156.example.controllers.RestaurantsController,org.pitest.mutationtest.engine.gregor.mutators.VoidMethodCallMutator,updateRestaurant,118,KILLED,edu.ucsb.cs156.example.controllers.RestaurantsControllerTests.[engine:junit-jupiter]/[class:edu.ucsb.cs156.example.controllers.RestaurantsControllerTests]/[method:admin_can_edit_an_existing_restaurant()]
RestaurantsController.java,edu.ucsb.cs156.example.controllers.RestaurantsController,org.pitest.mutationtest.engine.gregor.mutators.VoidMethodCallMutator,updateRestaurant,119,KILLED,edu.ucsb.cs156.example.controllers.RestaurantsControllerTests.[engine:junit-jupiter]/[class:edu.ucsb.cs156.example.controllers.RestaurantsControllerTests]/[method:admin_can_edit_an_existing_restaurant()]
RestaurantsController.java,edu.ucsb.cs156.example.controllers.RestaurantsController,org.pitest.mutationtest.engine.gregor.mutators.returns.NullReturnValsMutator,updateRestaurant,123,KILLED,edu.ucsb.cs156.example.controllers.RestaurantsControllerTests.[engine:junit-jupiter]/[class:edu.ucsb.cs156.example.controllers.RestaurantsControllerTests]/[method:admin_can_edit_an_existing_restaurant()]
SystemInfoController.java,edu.ucsb.cs156.example.controllers.SystemInfoController,org.pitest.mutationtest.engine.gregor.mutators.returns.NullReturnValsMutator,getSystemInfo,43,KILLED,edu.ucsb.cs156.example.controllers.SystemInfoControllerTests.[engine:junit-jupiter]/[class:edu.ucsb.cs156.example.controllers.SystemInfoControllerTests]/[method:systemInfo__admin_logged_in()]
UCSBDatesController.java,edu.ucsb.cs156.example.controllers.UCSBDatesController,org.pitest.mutationtest.engine.gregor.mutators.returns.EmptyObjectReturnValsMutator,allUCSBDates,53,KILLED,edu.ucsb.cs156.example.controllers.UCSBDatesControllerTests.[engine:junit-jupiter]/[class:edu.ucsb.cs156.example.controllers.UCSBDatesControllerTests]/[method:logged_in_user_can_get_all_ucsbdates()]
UCSBDatesController.java,edu.ucsb.cs156.example.controllers.UCSBDatesController,org.pitest.mutationtest.engine.gregor.mutators.VoidMethodCallMutator,deleteUCSBDate,119,KILLED,edu.ucsb.cs156.example.controllers.UCSBDatesControllerTests.[engine:junit-jupiter]/[class:edu.ucsb.cs156.example.controllers.UCSBDatesControllerTests]/[method:admin_can_delete_a_date()]
UCSBDatesController.java,edu.ucsb.cs156.example.controllers.UCSBDatesController,org.pitest.mutationtest.engine.gregor.mutators.returns.NullReturnValsMutator,deleteUCSBDate,120,KILLED,edu.ucsb.cs156.example.controllers.UCSBDatesControllerTests.[engine:junit-jupiter]/[class:edu.ucsb.cs156.example.controllers.UCSBDatesControllerTests]/[method:admin_can_delete_a_date()]
UCSBDatesController.java,edu.ucsb.cs156.example.controllers.UCSBDatesController,org.pitest.mutationtest.engine.gregor.mutators.returns.NullReturnValsMutator,getById,70,KILLED,edu.ucsb.cs156.example.controllers.UCSBDatesControllerTests.[engine:junit-jupiter]/[class:edu.ucsb.cs156.example.controllers.UCSBDatesControllerTests]/[method:test_that_logged_in_user_can_get_by_id_when_the_id_exists()]
UCSBDatesController.java,edu.ucsb.cs156.example.controllers.UCSBDatesController,org.pitest.mutationtest.engine.gregor.mutators.returns.NullReturnValsMutator,lambda$deleteUCSBDate$1,117,KILLED,edu.ucsb.cs156.example.controllers.UCSBDatesControllerTests.[engine:junit-jupiter]/[class:edu.ucsb.cs156.example.controllers.UCSBDatesControllerTests]/[method:admin_tries_to_delete_non_existant_ucsbdate_and_gets_right_error_message()]
UCSBDatesController.java,edu.ucsb.cs156.example.controllers.UCSBDatesController,org.pitest.mutationtest.engine.gregor.mutators.returns.NullReturnValsMutator,lambda$getById$0,68,KILLED,edu.ucsb.cs156.example.controllers.UCSBDatesControllerTests.[engine:junit-jupiter]/[class:edu.ucsb.cs156.example.controllers.UCSBDatesControllerTests]/[method:test_that_logged_in_user_can_get_by_id_when_the_id_does_not_exist()]
UCSBDatesController.java,edu.ucsb.cs156.example.controllers.UCSBDatesController,org.pitest.mutationtest.engine.gregor.mutators.returns.NullReturnValsMutator,lambda$updateUCSBDate$2,138,KILLED,edu.ucsb.cs156.example.controllers.UCSBDatesControllerTests.[engine:junit-jupiter]/[class:edu.ucsb.cs156.example.controllers.UCSBDatesControllerTests]/[method:admin_cannot_edit_ucsbdate_that_does_not_exist()]
UCSBDatesController.java,edu.ucsb.cs156.example.controllers.UCSBDatesController,org.pitest.mutationtest.engine.gregor.mutators.VoidMethodCallMutator,postUCSBDate,96,KILLED,edu.ucsb.cs156.example.controllers.UCSBDatesControllerTests.[engine:junit-jupiter]/[class:edu.ucsb.cs156.example.controllers.UCSBDatesControllerTests]/[method:an_admin_user_can_post_a_new_ucsbdate()]
UCSBDatesController.java,edu.ucsb.cs156.example.controllers.UCSBDatesController,org.pitest.mutationtest.engine.gregor.mutators.VoidMethodCallMutator,postUCSBDate,97,KILLED,edu.ucsb.cs156.example.controllers.UCSBDatesControllerTests.[engine:junit-jupiter]/[class:edu.ucsb.cs156.example.controllers.UCSBDatesControllerTests]/[method:an_admin_user_can_post_a_new_ucsbdate()]
UCSBDatesController.java,edu.ucsb.cs156.example.controllers.UCSBDatesController,org.pitest.mutationtest.engine.gregor.mutators.VoidMethodCallMutator,postUCSBDate,98,KILLED,edu.ucsb.cs156.example.controllers.UCSBDatesControllerTests.[engine:junit-jupiter]/[class:edu.ucsb.cs156.example.controllers.UCSBDatesControllerTests]/[method:an_admin_user_can_post_a_new_ucsbdate()]
UCSBDatesController.java,edu.ucsb.cs156.example.controllers.UCSBDatesController,org.pitest.mutationtest.engine.gregor.mutators.returns.NullReturnValsMutator,postUCSBDate,102,KILLED,edu.ucsb.cs156.example.controllers.UCSBDatesControllerTests.[engine:junit-jupiter]/[class:edu.ucsb.cs156.example.controllers.UCSBDatesControllerTests]/[method:an_admin_user_can_post_a_new_ucsbdate()]
UCSBDatesController.java,edu.ucsb.cs156.example.controllers.UCSBDatesController,org.pitest.mutationtest.engine.gregor.mutators.VoidMethodCallMutator,updateUCSBDate,140,KILLED,edu.ucsb.cs156.example.controllers.UCSBDatesControllerTests.[engine:junit-jupiter]/[class:edu.ucsb.cs156.example.controllers.UCSBDatesControllerTests]/[method:admin_can_edit_an_existing_ucsbdate()]
UCSBDatesController.java,edu.ucsb.cs156.example.controllers.UCSBDatesController,org.pitest.mutationtest.engine.gregor.mutators.VoidMethodCallMutator,updateUCSBDate,141,KILLED,edu.ucsb.cs156.example.controllers.UCSBDatesControllerTests.[engine:junit-jupiter]/[class:edu.ucsb.cs156.example.controllers.UCSBDatesControllerTests]/[method:admin_can_edit_an_existing_ucsbdate()]
UCSBDatesController.java,edu.ucsb.cs156.example.controllers.UCSBDatesController,org.pitest.mutationtest.engine.gregor.mutators.VoidMethodCallMutator,updateUCSBDate,142,KILLED,edu.ucsb.cs156.example.controllers.UCSBDatesControllerTests.[engine:junit-jupiter]/[class:edu.ucsb.cs156.example.controllers.UCSBDatesControllerTests]/[method:admin_can_edit_an_existing_ucsbdate()]
UCSBDatesController.java,edu.ucsb.cs156.example.controllers.UCSBDatesController,org.pitest.mutationtest.engine.gregor.mutators.returns.NullReturnValsMutator,updateUCSBDate,146,KILLED,edu.ucsb.cs156.example.controllers.UCSBDatesControllerTests.[engine:junit-jupiter]/[class:edu.ucsb.cs156.example.controllers.UCSBDatesControllerTests]/[method:admin_can_edit_an_existing_ucsbdate()]
UCSBDiningCommonsController.java,edu.ucsb.cs156.example.controllers.UCSBDiningCommonsController,org.pitest.mutationtest.engine.gregor.mutators.returns.EmptyObjectReturnValsMutator,allCommonss,47,KILLED,edu.ucsb.cs156.example.controllers.UCSBDiningCommonsControllerTests.[engine:junit-jupiter]/[class:edu.ucsb.cs156.example.controllers.UCSBDiningCommonsControllerTests]/[method:logged_in_user_can_get_all_ucsbdiningcommons()]
UCSBDiningCommonsController.java,edu.ucsb.cs156.example.controllers.UCSBDiningCommonsController,org.pitest.mutationtest.engine.gregor.mutators.VoidMethodCallMutator,deleteCommons,118,KILLED,edu.ucsb.cs156.example.controllers.UCSBDiningCommonsControllerTests.[engine:junit-jupiter]/[class:edu.ucsb.cs156.example.controllers.UCSBDiningCommonsControllerTests]/[method:admin_can_delete_a_date()]
UCSBDiningCommonsController.java,edu.ucsb.cs156.example.controllers.UCSBDiningCommonsController,org.pitest.mutationtest.engine.gregor.mutators.returns.NullReturnValsMutator,deleteCommons,119,KILLED,edu.ucsb.cs156.example.controllers.UCSBDiningCommonsControllerTests.[engine:junit-jupiter]/[class:edu.ucsb.cs156.example.controllers.UCSBDiningCommonsControllerTests]/[method:admin_can_delete_a_date()]
UCSBDiningCommonsController.java,edu.ucsb.cs156.example.controllers.UCSBDiningCommonsController,org.pitest.mutationtest.engine.gregor.mutators.returns.NullReturnValsMutator,getById,63,KILLED,edu.ucsb.cs156.example.controllers.UCSBDiningCommonsControllerTests.[engine:junit-jupiter]/[class:edu.ucsb.cs156.example.controllers.UCSBDiningCommonsControllerTests]/[method:test_that_logged_in_user_can_get_by_id_when_the_id_exists()]
UCSBDiningCommonsController.java,edu.ucsb.cs156.example.controllers.UCSBDiningCommonsController,org.pitest.mutationtest.engine.gregor.mutators.returns.NullReturnValsMutator,lambda$deleteCommons$1,116,KILLED,edu.ucsb.cs156.example.controllers.UCSBDiningCommonsControllerTests.[engine:junit-jupiter]/[class:edu.ucsb.cs156.example.controllers.UCSBDiningCommonsControllerTests]/[method:admin_tries_to_delete_non_existant_commons_and_gets_right_error_message()]
UCSBDiningCommonsController.java,edu.ucsb.cs156.example.controllers.UCSBDiningCommonsController,org.pitest.mutationtest.engine.gregor.mutators.returns.NullReturnValsMutator,lambda$getById$0,61,KILLED,edu.ucsb.cs156.example.controllers.UCSBDiningCommonsControllerTests.[engine:junit-jupiter]/[class:edu.ucsb.cs156.example.controllers.UCSBDiningCommonsControllerTests]/[method:test_that_logged_in_user_can_get_by_id_when_the_id_does_not_exist()]
UCSBDiningCommonsController.java,edu.ucsb.cs156.example.controllers.UCSBDiningCommonsController,org.pitest.mutationtest.engine.gregor.mutators.returns.NullReturnValsMutator,lambda$updateCommons$2,136,KILLED,edu.ucsb.cs156.example.controllers.UCSBDiningCommonsControllerTests.[engine:junit-jupiter]/[class:edu.ucsb.cs156.example.controllers.UCSBDiningCommonsControllerTests]/[method:admin_cannot_edit_commons_that_does_not_exist()]
UCSBDiningCommonsController.java,edu.ucsb.cs156.example.controllers.UCSBDiningCommonsController,org.pitest.mutationtest.engine.gregor.mutators.VoidMethodCallMutator,postCommons,92,KILLED,edu.ucsb.cs156.example.controllers.UCSBDiningCommonsControllerTests.[engine:junit-jupiter]/[class:edu.ucsb.cs156.example.controllers.UCSBDiningCommonsControllerTests]/[method:an_admin_user_can_post_a_new_commons()]
UCSBDiningCommonsController.java,edu.ucsb.cs156.example.controllers.UCSBDiningCommonsController,org.pitest.mutationtest.engine.gregor.mutators.VoidMethodCallMutator,postCommons,93,KILLED,edu.ucsb.cs156.example.controllers.UCSBDiningCommonsControllerTests.[engine:junit-jupiter]/[class:edu.ucsb.cs156.example.controllers.UCSBDiningCommonsControllerTests]/[method:an_admin_user_can_post_a_new_commons()]
UCSBDiningCommonsController.java,edu.ucsb.cs156.example.controllers.UCSBDiningCommonsController,org.pitest.mutationtest.engine.gregor.mutators.VoidMethodCallMutator,postCommons,94,KILLED,edu.ucsb.cs156.example.controllers.UCSBDiningCommonsControllerTests.[engine:junit-jupiter]/[class:edu.ucsb.cs156.example.controllers.UCSBDiningCommonsControllerTests]/[method:an_admin_user_can_post_a_new_commons()]
UCSBDiningCommonsController.java,edu.ucsb.cs156.example.controllers.UCSBDiningCommonsController,org.pitest.mutationtest.engine.gregor.mutators.VoidMethodCallMutator,postCommons,95,KILLED,edu.ucsb.cs156.example.controllers.UCSBDiningCommonsControllerTests.[engine:junit-jupiter]/[class:edu.ucsb.cs156.example.controllers.UCSBDiningCommonsControllerTests]/[method:an_admin_user_can_post_a_new_commons()]
UCSBDiningCommonsController.java,edu.ucsb.cs156.example.controllers.UCSBDiningCommonsController,org.pitest.mutationtest.engine.gregor.mutators.VoidMethodCallMutator,postCommons,96,KILLED,edu.ucsb.cs156.example.controllers.UCSBDiningCommonsControllerTests.[engine:junit-jupiter]/[class:edu.ucsb.cs156.example.controllers.UCSBDiningCommonsControllerTests]/[method:an_admin_user_can_post_a_new_commons()]
UCSBDiningCommonsController.java,edu.ucsb.cs156.example.controllers.UCSBDiningCommonsController,org.pitest.mutationtest.engine.gregor.mutators.VoidMethodCallMutator,postCommons,97,KILLED,edu.ucsb.cs156.example.controllers.UCSBDiningCommonsControllerTests.[engine:junit-jupiter]/[class:edu.ucsb.cs156.example.controllers.UCSBDiningCommonsControllerTests]/[method:an_admin_user_can_post_a_new_commons()]
UCSBDiningCommonsController.java,edu.ucsb.cs156.example.controllers.UCSBDiningCommonsController,org.pitest.mutationtest.engine.gregor.mutators.VoidMethodCallMutator,postCommons,98,KILLED,edu.ucsb.cs156.example.controllers.UCSBDiningCommonsControllerTests.[engine:junit-jupiter]/[class:edu.ucsb.cs156.example.controllers.UCSBDiningCommonsControllerTests]/[method:an_admin_user_can_post_a_new_commons()]
UCSBDiningCommonsController.java,edu.ucsb.cs156.example.controllers.UCSBDiningCommonsController,org.pitest.mutationtest.engine.gregor.mutators.returns.NullReturnValsMutator,postCommons,102,KILLED,edu.ucsb.cs156.example.controllers.UCSBDiningCommonsControllerTests.[engine:junit-jupiter]/[class:edu.ucsb.cs156.example.controllers.UCSBDiningCommonsControllerTests]/[method:an_admin_user_can_post_a_new_commons()]
UCSBDiningCommonsController.java,edu.ucsb.cs156.example.controllers.UCSBDiningCommonsController,org.pitest.mutationtest.engine.gregor.mutators.VoidMethodCallMutator,updateCommons,139,KILLED,edu.ucsb.cs156.example.controllers.UCSBDiningCommonsControllerTests.[engine:junit-jupiter]/[class:edu.ucsb.cs156.example.controllers.UCSBDiningCommonsControllerTests]/[method:admin_can_edit_an_existing_commons()]
UCSBDiningCommonsController.java,edu.ucsb.cs156.example.controllers.UCSBDiningCommonsController,org.pitest.mutationtest.engine.gregor.mutators.VoidMethodCallMutator,updateCommons,140,KILLED,edu.ucsb.cs156.example.controllers.UCSBDiningCommonsControllerTests.[engine:junit-jupiter]/[class:edu.ucsb.cs156.example.controllers.UCSBDiningCommonsControllerTests]/[method:admin_can_edit_an_existing_commons()]
UCSBDiningCommonsController.java,edu.ucsb.cs156.example.controllers.UCSBDiningCommonsController,org.pitest.mutationtest.engine.gregor.mutators.VoidMethodCallMutator,updateCommons,141,KILLED,edu.ucsb.cs156.example.controllers.UCSBDiningCommonsControllerTests.[engine:junit-jupiter]/[class:edu.ucsb.cs156.example.controllers.UCSBDiningCommonsControllerTests]/[method:admin_can_edit_an_existing_commons()]
UCSBDiningCommonsController.java,edu.ucsb.cs156.example.controllers.UCSBDiningCommonsController,org.pitest.mutationtest.engine.gregor.mutators.VoidMethodCallMutator,updateCommons,142,KILLED,edu.ucsb.cs156.example.controllers.UCSBDiningCommonsControllerTests.[engine:junit-jupiter]/[class:edu.ucsb.cs156.example.controllers.UCSBDiningCommonsControllerTests]/[method:admin_can_edit_an_existing_commons()]
UCSBDiningCommonsController.java,edu.ucsb.cs156.example.controllers.UCSBDiningCommonsController,org.pitest.mutationtest.engine.gregor.mutators.VoidMethodCallMutator,updateCommons,143,KILLED,edu.ucsb.cs156.example.controllers.UCSBDiningCommonsControllerTests.[engine:junit-jupiter]/[class:edu.ucsb.cs156.example.controllers.UCSBDiningCommonsControllerTests]/[method:admin_can_edit_an_existing_commons()]
UCSBDiningCommonsController.java,edu.ucsb.cs156.example.controllers.UCSBDiningCommonsController,org.pitest.mutationtest.engine.gregor.mutators.VoidMethodCallMutator,updateCommons,144,KILLED,edu.ucsb.cs156.example.controllers.UCSBDiningCommonsControllerTests.[engine:junit-jupiter]/[class:edu.ucsb.cs156.example.controllers.UCSBDiningCommonsControllerTests]/[method:admin_can_edit_an_existing_commons()]
UCSBDiningCommonsController.java,edu.ucsb.cs156.example.controllers.UCSBDiningCommonsController,org.pitest.mutationtest.engine.gregor.mutators.returns.NullReturnValsMutator,updateCommons,148,KILLED,edu.ucsb.cs156.example.controllers.UCSBDiningCommonsControllerTests.[engine:junit-jupiter]/[class:edu.ucsb.cs156.example.controllers.UCSBDiningCommonsControllerTests]/[method:admin_can_edit_an_existing_commons()]
UCSBDiningCommonsMenuItemController.java,edu.ucsb.cs156.example.controllers.UCSBDiningCommonsMenuItemController,org.pitest.mutationtest.engine.gregor.mutators.returns.EmptyObjectReturnValsMutator,allUCSBDiningCommonsMenuItem,48,KILLED,edu.ucsb.cs156.example.controllers.UCSBDiningCommonsMenuItemControllerTest.[engine:junit-jupiter]/[class:edu.ucsb.cs156.example.controllers.UCSBDiningCommonsMenuItemControllerTest]/[method:logged_in_user_can_get_all_menu_items()]
UCSBDiningCommonsMenuItemController.java,edu.ucsb.cs156.example.controllers.UCSBDiningCommonsMenuItemController,org.pitest.mutationtest.engine.gregor.mutators.VoidMethodCallMutator,deleteUCSBDiningCommonsMenuItem,109,KILLED,edu.ucsb.cs156.example.controllers.UCSBDiningCommonsMenuItemControllerTest.[engine:junit-jupiter]/[class:edu.ucsb.cs156.example.controllers.UCSBDiningCommonsMenuItemControllerTest]/[method:admin_can_delete_an_existing_menu_item()]
UCSBDiningCommonsMenuItemController.java,edu.ucsb.cs156.example.controllers.UCSBDiningCommonsMenuItemController,org.pitest.mutationtest.engine.gregor.mutators.returns.NullReturnValsMutator,deleteUCSBDiningCommonsMenuItem,110,KILLED,edu.ucsb.cs156.example.controllers.UCSBDiningCommonsMenuItemControllerTest.[engine:junit-jupiter]/[class:edu.ucsb.cs156.example.controllers.UCSBDiningCommonsMenuItemControllerTest]/[method:admin_can_delete_an_existing_menu_item()]
UCSBDiningCommonsMenuItemController.java,edu.ucsb.cs156.example.controllers.UCSBDiningCommonsMenuItemController,org.pitest.mutationtest.engine.gregor.mutators.returns.NullReturnValsMutator,getById,65,KILLED,edu.ucsb.cs156.example.controllers.UCSBDiningCommonsMenuItemControllerTest.[engine:junit-jupiter]/[class:edu.ucsb.cs156.example.controllers.UCSBDiningCommonsMenuItemControllerTest]/[method:test_get_menu_item_by_id_exists()]
UCSBDiningCommonsMenuItemController.java,edu.ucsb.cs156.example.controllers.UCSBDiningCommonsMenuItemController,org.pitest.mutationtest.engine.gregor.mutators.returns.NullReturnValsMutator,lambda$deleteUCSBDiningCommonsMenuItem$1,107,KILLED,edu.ucsb.cs156.example.controllers.UCSBDiningCommonsMenuItemControllerTest.[engine:junit-jupiter]/[class:edu.ucsb.cs156.example.controllers.UCSBDiningCommonsMenuItemControllerTest]/[method:admin_cannot_delete_nonexistent_menu_item()]
UCSBDiningCommonsMenuItemController.java,edu.ucsb.cs156.example.controllers.UCSBDiningCommonsMenuItemController,org.pitest.mutationtest.engine.gregor.mutators.returns.NullReturnValsMutator,lambda$getById$0,63,KILLED,edu.ucsb.cs156.example.controllers.UCSBDiningCommonsMenuItemControllerTest.[engine:junit-jupiter]/[class:edu.ucsb.cs156.example.controllers.UCSBDiningCommonsMenuItemControllerTest]/[method:test_get_menu_item_by_id_not_found()]
UCSBDiningCommonsMenuItemController.java,edu.ucsb.cs156.example.controllers.UCSBDiningCommonsMenuItemController,org.pitest.mutationtest.engine.gregor.mutators.returns.NullReturnValsMutator,lambda$updateUCSBDiningCommonsMenuItem$2,128,KILLED,edu.ucsb.cs156.example.controllers.UCSBDiningCommonsMenuItemControllerTest.[engine:junit-jupiter]/[class:edu.ucsb.cs156.example.controllers.UCSBDiningCommonsMenuItemControllerTest]/[method:admin_cannot_update_nonexistent_menu_item()]
UCSBDiningCommonsMenuItemController.java,edu.ucsb.cs156.example.controllers.UCSBDiningCommonsMenuItemController,org.pitest.mutationtest.engine.gregor.mutators.VoidMethodCallMutator,postItem,85,KILLED,edu.ucsb.cs156.example.controllers.UCSBDiningCommonsMenuItemControllerTest.[engine:junit-jupiter]/[class:edu.ucsb.cs156.example.controllers.UCSBDiningCommonsMenuItemControllerTest]/[method:admin_can_post_a_new_menu_item()]
UCSBDiningCommonsMenuItemController.java,edu.ucsb.cs156.example.controllers.UCSBDiningCommonsMenuItemController,org.pitest.mutationtest.engine.gregor.mutators.VoidMethodCallMutator,postItem,86,KILLED,edu.ucsb.cs156.example.controllers.UCSBDiningCommonsMenuItemControllerTest.[engine:junit-jupiter]/[class:edu.ucsb.cs156.example.controllers.UCSBDiningCommonsMenuItemControllerTest]/[method:admin_can_post_a_new_menu_item()]
UCSBDiningCommonsMenuItemController.java,edu.ucsb.cs156.example.controllers.UCSBDiningCommonsMenuItemController,org.pitest.mutationtest.engine.gregor.mutators.VoidMethodCallMutator,postItem,87,KILLED,edu.ucsb.cs156.example.controllers.UCSBDiningCommonsMenuItemControllerTest.[engine:junit-jupiter]/[class:edu.ucsb.cs156.example.controllers.UCSBDiningCommonsMenuItemControllerTest]/[method:admin_can_post_a_new_menu_item()]
UCSBDiningCommonsMenuItemController.java,edu.ucsb.cs156.example.controllers.UCSBDiningCommonsMenuItemController,org.pitest.mutationtest.engine.gregor.mutators.returns.NullReturnValsMutator,postItem,91,KILLED,edu.ucsb.cs156.example.controllers.UCSBDiningCommonsMenuItemControllerTest.[engine:junit-jupiter]/[class:edu.ucsb.cs156.example.controllers.UCSBDiningCommonsMenuItemControllerTest]/[method:admin_can_post_a_new_menu_item()]
UCSBDiningCommonsMenuItemController.java,edu.ucsb.cs156.example.controllers.UCSBDiningCommonsMenuItemController,org.pitest.mutationtest.engine.gregor.mutators.VoidMethodCallMutator,updateUCSBDiningCommonsMenuItem,130,KILLED,edu.ucsb.cs156.example.controllers.UCSBDiningCommonsMenuItemControllerTest.[engine:junit-jupiter]/[class:edu.ucsb.cs156.example.controllers.UCSBDiningCommonsMenuItemControllerTest]/[method:admin_can_update_an_existing_menu_item()]
UCSBDiningCommonsMenuItemController.java,edu.ucsb.cs156.example.controllers.UCSBDiningCommonsMenuItemController,org.pitest.mutationtest.engine.gregor.mutators.VoidMethodCallMutator,updateUCSBDiningCommonsMenuItem,131,KILLED,edu.ucsb.cs156.example.controllers.UCSBDiningCommonsMenuItemControllerTest.[engine:junit-jupiter]/[class:edu.ucsb.cs156.example.controllers.UCSBDiningCommonsMenuItemControllerTest]/[method:admin_can_update_an_existing_menu_item()]
UCSBDiningCommonsMenuItemController.java,edu.ucsb.cs156.example.controllers.UCSBDiningCommonsMenuItemController,org.pitest.mutationtest.engine.gregor.mutators.VoidMethodCallMutator,updateUCSBDiningCommonsMenuItem,132,KILLED,edu.ucsb.cs156.example.controllers.UCSBDiningCommonsMenuItemControllerTest.[engine:junit-jupiter]/[class:edu.ucsb.cs156.example.controllers.UCSBDiningCommonsMenuItemControllerTest]/[method:admin_can_update_an_existing_menu_item()]
UCSBDiningCommonsMenuItemController.java,edu.ucsb.cs156.example.controllers.UCSBDiningCommonsMenuItemController,org.pitest.mutationtest.engine.gregor.mutators.returns.NullReturnValsMutator,updateUCSBDiningCommonsMenuItem,136,KILLED,edu.ucsb.cs156.example.controllers.UCSBDiningCommonsMenuItemControllerTest.[engine:junit-jupiter]/[class:edu.ucsb.cs156.example.controllers.UCSBDiningCommonsMenuItemControllerTest]/[method:admin_can_update_an_existing_menu_item()]
UCSBOrganizationController.java,edu.ucsb.cs156.example.controllers.UCSBOrganizationController,org.pitest.mutationtest.engine.gregor.mutators.returns.EmptyObjectReturnValsMutator,allOrgs,44,KILLED,edu.ucsb.cs156.example.controllers.UCSBOrganizationControllerTests.[engine:junit-jupiter]/[class:edu.ucsb.cs156.example.controllers.UCSBOrganizationControllerTests]/[method:logged_in_user_can_get_all_ucsborganizations()]
UCSBOrganizationController.java,edu.ucsb.cs156.example.controllers.UCSBOrganizationController,org.pitest.mutationtest.engine.gregor.mutators.VoidMethodCallMutator,deleteOrganization,107,KILLED,edu.ucsb.cs156.example.controllers.UCSBOrganizationControllerTests.[engine:junit-jupiter]/[class:edu.ucsb.cs156.example.controllers.UCSBOrganizationControllerTests]/[method:admin_can_delete_a_org()]
UCSBOrganizationController.java,edu.ucsb.cs156.example.controllers.UCSBOrganizationController,org.pitest.mutationtest.engine.gregor.mutators.returns.NullReturnValsMutator,deleteOrganization,108,KILLED,edu.ucsb.cs156.example.controllers.UCSBOrganizationControllerTests.[engine:junit-jupiter]/[class:edu.ucsb.cs156.example.controllers.UCSBOrganizationControllerTests]/[method:admin_can_delete_a_org()]
UCSBOrganizationController.java,edu.ucsb.cs156.example.controllers.UCSBOrganizationController,org.pitest.mutationtest.engine.gregor.mutators.returns.NullReturnValsMutator,getById,61,KILLED,edu.ucsb.cs156.example.controllers.UCSBOrganizationControllerTests.[engine:junit-jupiter]/[class:edu.ucsb.cs156.example.controllers.UCSBOrganizationControllerTests]/[method:test_that_logged_in_user_can_get_by_id_when_the_id_exists()]
UCSBOrganizationController.java,edu.ucsb.cs156.example.controllers.UCSBOrganizationController,org.pitest.mutationtest.engine.gregor.mutators.returns.NullReturnValsMutator,lambda$deleteOrganization$1,105,KILLED,edu.ucsb.cs156.example.controllers.UCSBOrganizationControllerTests.[engine:junit-jupiter]/[class:edu.ucsb.cs156.example.controllers.UCSBOrganizationControllerTests]/[method:admin_tries_to_delete_non_existant_org_and_gets_right_error_message()]
UCSBOrganizationController.java,edu.ucsb.cs156.example.controllers.UCSBOrganizationController,org.pitest.mutationtest.engine.gregor.mutators.returns.NullReturnValsMutator,lambda$getById$0,59,KILLED,edu.ucsb.cs156.example.controllers.UCSBOrganizationControllerTests.[engine:junit-jupiter]/[class:edu.ucsb.cs156.example.controllers.UCSBOrganizationControllerTests]/[method:test_that_logged_in_user_can_get_by_id_when_the_id_does_not_exist()]
UCSBOrganizationController.java,edu.ucsb.cs156.example.controllers.UCSBOrganizationController,org.pitest.mutationtest.engine.gregor.mutators.returns.NullReturnValsMutator,lambda$updateOrganization$2,125,KILLED,edu.ucsb.cs156.example.controllers.UCSBOrganizationControllerTests.[engine:junit-jupiter]/[class:edu.ucsb.cs156.example.controllers.UCSBOrganizationControllerTests]/[method:admin_cannot_edit_organization_that_does_not_exist()]
UCSBOrganizationController.java,edu.ucsb.cs156.example.controllers.UCSBOrganizationController,org.pitest.mutationtest.engine.gregor.mutators.VoidMethodCallMutator,postOrgs,84,KILLED,edu.ucsb.cs156.example.controllers.UCSBOrganizationControllerTests.[engine:junit-jupiter]/[class:edu.ucsb.cs156.example.controllers.UCSBOrganizationControllerTests]/[method:an_admin_user_can_post_a_new_org()]
UCSBOrganizationController.java,edu.ucsb.cs156.example.controllers.UCSBOrganizationController,org.pitest.mutationtest.engine.gregor.mutators.VoidMethodCallMutator,postOrgs,85,KILLED,edu.ucsb.cs156.example.controllers.UCSBOrganizationControllerTests.[engine:junit-jupiter]/[class:edu.ucsb.cs156.example.controllers.UCSBOrganizationControllerTests]/[method:an_admin_user_can_post_a_new_org()]
UCSBOrganizationController.java,edu.ucsb.cs156.example.controllers.UCSBOrganizationController,org.pitest.mutationtest.engine.gregor.mutators.VoidMethodCallMutator,postOrgs,86,KILLED,edu.ucsb.cs156.example.controllers.UCSBOrganizationControllerTests.[engine:junit-jupiter]/[class:edu.ucsb.cs156.example.controllers.UCSBOrganizationControllerTests]/[method:an_admin_user_can_post_a_new_org()]
UCSBOrganizationController.java,edu.ucsb.cs156.example.controllers.UCSBOrganizationController,org.pitest.mutationtest.engine.gregor.mutators.VoidMethodCallMutator,postOrgs,87,KILLED,edu.ucsb.cs156.example.controllers.UCSBOrganizationControllerTests.[engine:junit-jupiter]/[class:edu.ucsb.cs156.example.controllers.UCSBOrganizationControllerTests]/[method:an_admin_user_can_post_a_new_org()]
UCSBOrganizationController.java,edu.ucsb.cs156.example.controllers.UCSBOrganizationController,org.pitest.mutationtest.engine.gregor.mutators.returns.NullReturnValsMutator,postOrgs,91,KILLED,edu.ucsb.cs156.example.controllers.UCSBOrganizationControllerTests.[engine:junit-jupiter]/[class:edu.ucsb.cs156.example.controllers.UCSBOrganizationControllerTests]/[method:an_admin_user_can_post_a_new_org()]
UCSBOrganizationController.java,edu.ucsb.cs156.example.controllers.UCSBOrganizationController,org.pitest.mutationtest.engine.gregor.mutators.VoidMethodCallMutator,updateOrganization,128,KILLED,edu.ucsb.cs156.example.controllers.UCSBOrganizationControllerTests.[engine:junit-jupiter]/[class:edu.ucsb.cs156.example.controllers.UCSBOrganizationControllerTests]/[method:admin_can_edit_an_existing_organization()]
UCSBOrganizationController.java,edu.ucsb.cs156.example.controllers.UCSBOrganizationController,org.pitest.mutationtest.engine.gregor.mutators.VoidMethodCallMutator,updateOrganization,129,KILLED,edu.ucsb.cs156.example.controllers.UCSBOrganizationControllerTests.[engine:junit-jupiter]/[class:edu.ucsb.cs156.example.controllers.UCSBOrganizationControllerTests]/[method:admin_can_edit_an_existing_organization()]
UCSBOrganizationController.java,edu.ucsb.cs156.example.controllers.UCSBOrganizationController,org.pitest.mutationtest.engine.gregor.mutators.VoidMethodCallMutator,updateOrganization,130,KILLED,edu.ucsb.cs156.example.controllers.UCSBOrganizationControllerTests.[engine:junit-jupiter]/[class:edu.ucsb.cs156.example.controllers.UCSBOrganizationControllerTests]/[method:admin_can_edit_an_existing_organization()]
UCSBOrganizationController.java,edu.ucsb.cs156.example.controllers.UCSBOrganizationController,org.pitest.mutationtest.engine.gregor.mutators.VoidMethodCallMutator,updateOrganization,131,KILLED,edu.ucsb.cs156.example.controllers.UCSBOrganizationControllerTests.[engine:junit-jupiter]/[class:edu.ucsb.cs156.example.controllers.UCSBOrganizationControllerTests]/[method:admin_can_edit_an_existing_organization()]
UCSBOrganizationController.java,edu.ucsb.cs156.example.controllers.UCSBOrganizationController,org.pitest.mutationtest.engine.gregor.mutators.returns.NullReturnValsMutator,updateOrganization,135,KILLED,edu.ucsb.cs156.example.controllers.UCSBOrganizationControllerTests.[engine:junit-jupiter]/[class:edu.ucsb.cs156.example.controllers.UCSBOrganizationControllerTests]/[method:admin_can_edit_an_existing_organization()]
UserInfoController.java,edu.ucsb.cs156.example.controllers.UserInfoController,org.pitest.mutationtest.engine.gregor.mutators.returns.NullReturnValsMutator,getCurrentUser,31,KILLED,edu.ucsb.cs156.example.controllers.UserInfoControllerTests.[engine:junit-jupiter]/[class:edu.ucsb.cs156.example.controllers.UserInfoControllerTests]/[method:currentUser__logged_in()]
UsersController.java,edu.ucsb.cs156.example.controllers.UsersController,org.pitest.mutationtest.engine.gregor.mutators.returns.NullReturnValsMutator,users,46,KILLED,edu.ucsb.cs156.example.controllers.UsersControllerTests.[engine:junit-jupiter]/[class:edu.ucsb.cs156.example.controllers.UsersControllerTests]/[method:users__admin_logged_in()]
CurrentUserService.java,edu.ucsb.cs156.example.services.CurrentUserService,org.pitest.mutationtest.engine.gregor.mutators.NegateConditionalsMutator,isLoggedIn,42,KILLED,edu.ucsb.cs156.example.services.CurrentUserServiceTests.[engine:junit-jupiter]/[class:edu.ucsb.cs156.example.services.CurrentUserServiceTests]/[method:test_isLoggedIn_returns_true()]
CurrentUserService.java,edu.ucsb.cs156.example.services.CurrentUserService,org.pitest.mutationtest.engine.gregor.mutators.returns.BooleanTrueReturnValsMutator,isLoggedIn,42,KILLED,edu.ucsb.cs156.example.services.CurrentUserServiceTests.[engine:junit-jupiter]/[class:edu.ucsb.cs156.example.services.CurrentUserServiceTests]/[method:test_isLoggedIn_returns_false()]
SystemInfoServiceImpl.java,edu.ucsb.cs156.example.services.SystemInfoServiceImpl,org.pitest.mutationtest.engine.gregor.mutators.returns.NullReturnValsMutator,getSystemInfo,43,KILLED,edu.ucsb.cs156.example.services.SystemInfoServiceImplTests.[engine:junit-jupiter]/[class:edu.ucsb.cs156.example.services.SystemInfoServiceImplTests]/[method:test_getSystemInfo()]
